epoch,time,train/box_loss,train/cls_loss,train/dfl_loss,metrics/precision(B),metrics/recall(B),metrics/mAP50(B),metrics/mAP50-95(B),val/box_loss,val/cls_loss,val/dfl_loss,lr/pg0,lr/pg1,lr/pg2
1,145.303,2.00006,0.78747,0.73173,0.92502,0.72916,0.8293,0.42286,1.92744,1.01436,0.74528,6.62222e-05,6.62222e-05,0.0669551
2,266.073,1.91559,0.71101,0.7266,0.8591,0.77316,0.82462,0.42946,1.92706,0.95013,0.74709,0.000132866,0.000132866,0.0336884
