{
  "map50": 0.4809161169880827,
  "map50_95": 0.19241388102664198,
  "precision": 0.7430175787771659,
  "recall": 0.40644823003257013,
  "fitness": 0.19241388102664198,
  "speed": {
    "preprocess": 2.2830800002060125,
    "inference": 442.8783439415045,
    "loss": 0.0002541607347772504,
    "postprocess": 3.1738505109865898
  },
  "split": "val",
  "weights": "models/ball_v5.pt"
}