{
  "map50": 0.8228302623986636,
  "map50_95": 0.44008050119918113,
  "precision": 0.8992736042963232,
  "recall": 0.7652733118971061,
  "fitness": 0.44008050119918113,
  "speed": {
    "preprocess": 1.1578599421296552,
    "inference": 189.85734298200296,
    "loss": 0.0001809936580493262,
    "postprocess": 0.4470461990741457
  },
  "split": "test",
  "weights": "models/ball_v5_live_best.pt"
}