epoch,time,train/box_loss,train/cls_loss,train/dfl_loss,metrics/precision(B),metrics/recall(B),metrics/mAP50(B),metrics/mAP50-95(B),val/box_loss,val/cls_loss,val/dfl_loss,lr/pg0,lr/pg1,lr/pg2
1,149.096,2.75504,3.49434,0.79205,0.7369,0.50958,0.55822,0.24324,2.36132,1.70074,0.7684,9.96667e-05,9.96667e-05,0.0834886
2,277.474,2.65877,1.70696,0.77038,0.76026,0.55217,0.62869,0.26901,2.28427,1.77682,0.77608,0.000199657,0.000199657,0.0669219
3,404.897,2.62734,1.60509,0.77307,0.73397,0.5421,0.58955,0.21871,2.39935,1.93515,0.77558,0.000299606,0.000299606,0.0503552
4,531.583,2.66477,1.63211,0.75963,0.75148,0.5265,0.59735,0.24,2.32871,1.66794,0.78277,0.000399485,0.000399485,0.0337884
5,657.463,2.61144,1.65682,0.77087,0.73385,0.55911,0.60783,0.22783,2.38719,1.66931,0.76525,0.000499263,0.000499263,0.0172215
6,782.897,2.57166,1.56019,0.76454,0.75238,0.59701,0.64652,0.27056,2.33843,1.54166,0.77786,0.00059891,0.00059891,0.000654466
7,908.708,2.56634,1.56857,0.76731,0.77842,0.5724,0.64725,0.27053,2.30566,1.53078,0.76973,0.000598911,0.000598911,0.000598911
